{
  "window": 18,
  "batch": 64,
  "lr": 0.0007145565133513971,
  "epochs": 20,
  "conv_blocks": 1,
  "filters": 96,
  "kernel": 2,
  "act": "selu",
  "dropout": 0.1105138178778751,
  "dense": 128,
  "l2": 0.00019268985325226193,
  "pool": "gmp",
  "extra_dense": false
}